{
    "accuracies": [
        0.3599,
        0.4715,
        0.5015,
        0.512,
        0.4809,
        0.5205,
        0.5295,
        0.5455,
        0.5372,
        0.548
    ],
    "test_losses": [
        1.7166304069519043,
        1.431657035446167,
        1.4039930988311768,
        1.3463935116767882,
        1.3969535165786744,
        1.3251028888702392,
        1.2869649417877198,
        1.241426019859314,
        1.2785035863876342,
        1.271598129272461
    ],
    "train_losses": [
        1.8461294340515138,
        1.550813440513611,
        1.4521812561035157,
        1.3967634559631348,
        1.3656619031524657,
        1.3320382879638673,
        1.30694699798584,
        1.2959952722930907,
        1.274552456855774,
        1.2592301302719116
    ]
}